{"cameraMode":{"drawMode":0,"name":"Shaded","section":"Shading Mode"},"sceneLighting":false,"audioPlay":false,"sceneViewState":{"showFog":true,"showMaterialUpdate":false,"showSkybox":true,"showFlares":true,"showImageEffects":true,"showParticleSystems":true},"in2DMode":false,"pivot":{"x":0.013824462890625,"y":0.0010274648666381837,"z":0.01640951633453369},"rotation":{"x":-0.24263164401054383,"y":-0.3289220631122589,"z":0.08785270899534226,"w":-0.9084173440933228},"size":9.133556365966797,"orthographic":false}