{"cameraMode":{"drawMode":0,"name":"Shaded","section":"Shading Mode"},"sceneLighting":false,"audioPlay":false,"sceneViewState":{"showFog":true,"showMaterialUpdate":false,"showSkybox":true,"showFlares":true,"showImageEffects":true,"showParticleSystems":true},"in2DMode":false,"pivot":{"x":-0.3968847990036011,"y":-0.205190047621727,"z":-0.3489961624145508},"rotation":{"x":0.005072982981801033,"y":-0.10629760473966599,"z":0.0005425111157819629,"w":0.9943212866783142},"size":2.163296699523926,"orthographic":false}