{"cameraMode":{"drawMode":0,"name":"Shaded","section":"Shading Mode"},"sceneLighting":false,"audioPlay":false,"sceneViewState":{"showFog":true,"showMaterialUpdate":false,"showSkybox":true,"showFlares":true,"showImageEffects":true,"showParticleSystems":true},"in2DMode":false,"pivot":{"x":0.04738985747098923,"y":0.8923068046569824,"z":-3.015871286392212},"rotation":{"x":0.08771678805351258,"y":0.12221003323793411,"z":-0.010843913070857525,"w":0.9885610342025757},"size":2.092392683029175,"orthographic":false}